file_name,file_size,s_created_time,s_modified_time,s_mft_modified_time,s_last_accessed_time,f_created_time,f_modified_time,f_mft_modified_time,f_last_accessed_time,status,file_full_path
$MFT,16.0KB,2020-02-04 18:32:51.353294,2020-02-04 18:32:51.353294,2020-02-04 18:32:51.353294,2020-02-04 18:32:51.353294,2020-02-04 18:32:51.353294,2020-02-04 18:32:51.353294,2020-02-04 18:32:51.353294,2020-02-04 18:32:51.353294,In use,./$MFT
$MFTMirr,4.0KB,2020-02-04 18:32:51.353294,2020-02-04 18:32:51.353294,2020-02-04 18:32:51.353294,2020-02-04 18:32:51.353294,2020-02-04 18:32:51.353294,2020-02-04 18:32:51.353294,2020-02-04 18:32:51.353294,2020-02-04 18:32:51.353294,In use,./$MFTMirr
$LogFile,8.6MB,2020-02-04 18:32:51.353294,2020-02-04 18:32:51.353294,2020-02-04 18:32:51.353294,2020-02-04 18:32:51.353294,2020-02-04 18:32:51.353294,2020-02-04 18:32:51.353294,2020-02-04 18:32:51.353294,2020-02-04 18:32:51.353294,In use,./$LogFile
$Volume,0.0B,2020-02-04 18:32:51.353294,2020-02-04 18:32:51.353294,2020-02-04 18:32:51.353294,2020-02-04 18:32:51.353294,2020-02-04 18:32:51.353294,2020-02-04 18:32:51.353294,2020-02-04 18:32:51.353294,2020-02-04 18:32:51.353294,In use,./$Volume
$AttrDef,4.0KB,2020-02-04 18:32:51.353294,2020-02-04 18:32:51.353294,2020-02-04 18:32:51.353294,2020-02-04 18:32:51.353294,2020-02-04 18:32:51.353294,2020-02-04 18:32:51.353294,2020-02-04 18:32:51.353294,2020-02-04 18:32:51.353294,In use,./$AttrDef
.,0.0B,2020-02-04 18:32:51.353294,2020-02-04 18:32:51.353294,2020-02-04 18:32:51.353294,2020-02-04 18:32:51.353294,2020-02-04 18:32:51.353294,2020-02-04 18:47:55.621302,2020-02-04 18:47:55.621302,2020-02-04 18:47:55.621302,In use directory,./.
$Bitmap,128.0KB,2020-02-04 18:32:51.353294,2020-02-04 18:32:51.353294,2020-02-04 18:32:51.353294,2020-02-04 18:32:51.353294,2020-02-04 18:32:51.353294,2020-02-04 18:32:51.353294,2020-02-04 18:32:51.353294,2020-02-04 18:32:51.353294,In use,./$Bitmap
$Boot,8.0KB,2020-02-04 18:32:51.353294,2020-02-04 18:32:51.353294,2020-02-04 18:32:51.353294,2020-02-04 18:32:51.353294,2020-02-04 18:32:51.353294,2020-02-04 18:32:51.353294,2020-02-04 18:32:51.353294,2020-02-04 18:32:51.353294,In use,./$Boot
$BadClus,0.0B,2020-02-04 18:32:51.353294,2020-02-04 18:32:51.353294,2020-02-04 18:32:51.353294,2020-02-04 18:32:51.353294,2020-02-04 18:32:51.353294,2020-02-04 18:32:51.353294,2020-02-04 18:32:51.353294,2020-02-04 18:32:51.353294,In use,./$BadClus
$Secure,0.0B,2020-02-04 18:32:51.353294,2020-02-04 18:32:51.353294,2020-02-04 18:32:51.353294,2020-02-04 18:32:51.353294,2020-02-04 18:32:51.353294,2020-02-04 18:32:51.353294,2020-02-04 18:32:51.353294,2020-02-04 18:32:51.353294,Don't know,./$Secure
$UpCase,128.0KB,2020-02-04 18:32:51.353294,2020-02-04 18:32:51.353294,2020-02-04 18:32:51.353294,2020-02-04 18:32:51.353294,2020-02-04 18:32:51.353294,2020-02-04 18:32:51.353294,2020-02-04 18:32:51.353294,2020-02-04 18:32:51.353294,In use,./$UpCase
$Extend,0.0B,2020-02-04 18:32:51.353294,2020-02-04 18:32:51.353294,2020-02-04 18:32:51.353294,2020-02-04 18:32:51.353294,2020-02-04 18:32:51.353294,2020-02-04 18:32:51.353294,2020-02-04 18:32:51.353294,2020-02-04 18:32:51.353294,In use directory,./$Extend
$Quota,0.0B,2020-02-04 18:32:53.699180,2020-02-04 18:32:53.699180,2020-02-04 18:32:53.699180,2020-02-04 18:32:53.699180,2020-02-04 18:32:53.699180,2020-02-04 18:32:53.699180,2020-02-04 18:32:53.699180,2020-02-04 18:32:53.699180,Don't know,./$Extend/$Quota
$ObjId,0.0B,2020-02-04 18:32:53.699180,2020-02-04 18:32:53.699180,2020-02-04 18:32:53.699180,2020-02-04 18:32:53.699180,2020-02-04 18:32:53.699180,2020-02-04 18:32:53.699180,2020-02-04 18:32:53.699180,2020-02-04 18:32:53.699180,Don't know,./$Extend/$ObjId
$Reparse,0.0B,2020-02-04 18:32:53.699180,2020-02-04 18:32:53.699180,2020-02-04 18:32:53.699180,2020-02-04 18:32:53.699180,2020-02-04 18:32:53.699180,2020-02-04 18:32:53.699180,2020-02-04 18:32:53.699180,2020-02-04 18:32:53.699180,Don't know,./$Extend/$Reparse
$RmMetadata,0.0B,2020-02-04 18:32:53.699180,2020-02-04 18:32:53.699180,2020-02-04 18:32:53.699180,2020-02-04 18:32:53.699180,2020-02-04 18:32:53.699180,2020-02-04 18:32:53.699180,2020-02-04 18:32:53.699180,2020-02-04 18:32:53.699180,In use directory,./$Extend/$RmMetadata
$Repair,0.0B,2020-02-04 18:32:53.699180,2020-02-04 18:32:53.699180,2020-02-04 18:32:53.699180,2020-02-04 18:32:53.699180,2020-02-04 18:32:53.699180,2020-02-04 18:32:53.699180,2020-02-04 18:32:53.699180,2020-02-04 18:32:53.699180,Don't know,./$Extend/$RmMetadata/$Repair
$Deleted,0.0B,2020-02-04 18:32:53.700184,2020-02-04 18:32:53.700184,2020-02-04 18:32:53.700184,2020-02-04 18:32:53.700184,2020-02-04 18:32:53.700184,2020-02-04 18:32:53.700184,2020-02-04 18:32:53.700184,2020-02-04 18:32:53.700184,Don't know,./$Extend/$Deleted
$TxfLog,0.0B,2020-02-04 18:32:53.702176,2020-02-04 18:32:53.702176,2020-02-04 18:32:53.702176,2020-02-04 18:32:53.702176,2020-02-04 18:32:53.702176,2020-02-04 18:32:55.506756,2020-02-04 18:32:55.506756,2020-02-04 18:32:55.506756,In use directory,./$Extend/$RmMetadata/$TxfLog
$Txf,0.0B,2020-02-04 18:32:53.703174,2020-02-04 18:32:53.703174,2020-02-04 18:32:53.703174,2020-02-04 18:32:53.703174,2020-02-04 18:32:53.703174,2020-02-04 18:32:53.703174,2020-02-04 18:32:53.703174,2020-02-04 18:32:53.703174,In use directory,./$Extend/$RmMetadata/$Txf
$Tops,0.0B,2020-02-04 18:32:53.703174,2020-02-04 18:32:53.703174,2020-02-04 18:32:53.703174,2020-02-04 18:32:53.703174,2020-02-04 18:32:53.703174,2020-02-04 18:32:53.703174,2020-02-04 18:32:53.703174,2020-02-04 18:32:53.703174,In use,./$Extend/$RmMetadata/$TxfLog/$Tops
$TxfLog.blf,64.0KB,2020-02-04 18:32:53.767140,2020-02-04 18:32:53.767140,2020-02-04 18:32:53.767140,2020-02-04 18:32:53.767140,2020-02-04 18:32:53.767140,2020-02-04 19:03:41.773564,2020-02-04 19:03:41.773564,2020-02-04 19:03:41.773564,In use,./$Extend/$RmMetadata/$TxfLog/$TxfLog.blf
$TxfLogContainer00000000000000000001,3.0MB,2020-02-04 18:32:53.822548,2020-02-04 18:32:53.822548,2020-02-04 18:32:53.822548,2020-02-04 18:32:53.822548,2020-02-04 18:32:53.822548,2020-02-04 19:03:41.768596,2020-02-04 19:03:41.768596,2020-02-04 19:03:41.768596,In use,./$Extend/$RmMetadata/$TxfLog/$TxfLogContainer00000000000000000001
$TxfLogContainer00000000000000000002,3.0MB,2020-02-04 18:32:55.506756,2020-02-04 18:32:55.506756,2020-02-04 18:32:55.506756,2020-02-04 18:32:55.506756,2020-02-04 18:32:55.506756,2020-02-04 18:32:55.810532,2020-02-04 18:32:55.810532,2020-02-04 18:32:55.810532,In use,./$Extend/$RmMetadata/$TxfLog/$TxfLogContainer00000000000000000002
System Volume Information,0.0B,2020-02-04 18:32:56.059898,2020-02-04 18:32:56.059898,2020-02-04 18:32:56.059898,2020-02-04 18:32:56.059898,2020-02-04 18:32:56.059898,2020-02-04 18:32:56.324746,2020-02-04 18:32:56.324746,2020-02-04 18:32:56.324746,In use directory,./System Volume Information
WPSettings.dat,0.0B,2020-02-04 18:32:56.067896,2020-02-04 18:32:56.067896,2020-02-04 18:32:56.067896,2020-02-04 18:32:56.067896,2020-02-04 18:32:56.067896,2020-02-04 18:32:56.161840,2020-02-04 18:32:56.161840,2020-02-04 18:32:56.161840,In use,./System Volume Information/WPSettings.dat
IndexerVolumeGuid,0.0B,2020-02-04 18:32:56.324746,2020-02-04 18:32:56.324746,2020-02-04 18:32:56.324746,2020-02-04 18:32:56.324746,2020-02-04 18:32:56.324746,2020-02-04 18:32:56.324746,2020-02-04 18:32:56.324746,2020-02-04 18:32:56.324746,In use,./System Volume Information/IndexerVolumeGuid
christmas_pockets-c8b740857a5c987f39be2fe072ccb264.zip,64.0KB,2020-02-04 18:33:07.514328,2020-02-04 18:33:07.514328,2020-02-04 18:33:07.514328,2020-02-04 18:33:07.514328,2020-02-04 18:33:07.514328,2019-12-25 08:32:02.758946,2019-12-25 08:32:02.758946,2020-02-04 18:33:07.545302,In use,./christmas_pockets-c8b740857a5c987f39be2fe072ccb264.zip
HxDSetup.zip,3.1MB,2020-02-04 18:33:07.628254,2020-02-04 18:33:07.628254,2020-02-04 18:33:07.628254,2020-02-04 18:33:07.628254,2020-02-04 18:33:07.628254,2019-12-14 14:30:20.540708,2019-12-14 14:30:20.540708,2020-02-04 18:33:07.976188,In use,./HxDSetup.zip
tweakpng-1.4.6.zip,512.0KB,2020-02-04 18:33:08.028158,2020-02-04 18:33:08.028158,2020-02-04 18:33:08.028158,2020-02-04 18:33:08.028158,2020-02-04 18:33:08.028158,2019-12-14 14:29:30.558614,2019-12-14 14:29:30.558614,2020-02-04 18:33:08.111112,In use,./tweakpng-1.4.6.zip
AD_관리자_계정_탈취를_통한_기업_내부망_장악_사례와_대응방안.pdf,2.5MB,2020-02-04 18:33:08.158084,2020-02-04 18:33:08.158084,2020-02-04 18:33:08.158084,2020-02-04 18:33:08.158084,2020-02-04 18:33:08.158084,2019-03-01 05:38:18.140518,2019-03-01 05:38:18.140518,2020-02-04 18:33:08.492892,In use,./AD_관리자_계정_탈취를_통한_기업_내부망_장악_사례와_대응방안.pdf
[FSI Intelligence Report] TA505 위협 그룹 프로파일링_요약본.pdf,12.1MB,2020-02-04 18:33:08.567918,2020-02-04 18:33:08.567918,2020-02-04 18:33:08.567918,2020-02-04 18:33:08.567918,2020-02-04 18:33:08.567918,2020-02-01 20:29:55.957572,2020-02-01 20:29:55.957572,2020-02-04 18:33:11.971144,In use,./[FSI Intelligence Report] TA505 위협 그룹 프로파일링_요약본.pdf
[FSI Intelligence Report] TA505 위협 그룹 프로파일링.pdf,30.4MB,2020-02-04 18:33:12.148042,2020-02-04 18:33:12.148042,2020-02-04 18:33:12.148042,2020-02-04 18:33:12.148042,2020-02-04 18:33:12.148042,2020-02-01 20:29:02.734176,2020-02-01 20:29:02.734176,2020-02-04 18:33:16.736284,In use,./[FSI Intelligence Report] TA505 위협 그룹 프로파일링.pdf
휘트니스센터 사용자 가이드.pdf,1.4MB,2020-02-04 18:33:16.782258,2020-02-04 18:33:16.782258,2020-02-04 18:33:16.782258,2020-02-04 18:33:16.782258,2020-02-04 18:33:16.782258,2020-01-10 11:18:31.414516,2020-02-04 17:57:23.433674,2020-02-04 18:33:17.061268,In use,./휘트니스센터 사용자 가이드.pdf
python-3.8.1-amd64-webinstall.exe,1.3MB,2020-02-04 18:33:17.084260,2020-02-04 18:33:17.084260,2020-02-04 18:33:17.084260,2020-02-04 18:33:17.084260,2020-02-04 18:33:17.084260,2019-12-30 19:50:42.188330,2019-12-30 19:50:42.985428,2020-02-04 18:33:17.300672,In use,./python-3.8.1-amd64-webinstall.exe
christmas_pockets-c8b740857a5c987f39be2fe072ccb264,0.0B,2020-02-04 18:33:33.407322,2020-02-04 18:33:33.407322,2020-02-04 18:33:33.407322,2020-02-04 18:33:33.407322,2020-02-04 18:33:33.407322,2020-02-04 18:47:55.606310,2020-02-04 18:47:55.606310,2020-02-04 18:47:55.616304,Directory,./christmas_pockets-c8b740857a5c987f39be2fe072ccb264
output,64.0KB,2020-02-04 18:33:33.422330,2020-02-04 18:33:33.422330,2020-02-04 18:33:33.422330,2020-02-04 18:33:33.422330,2020-02-04 18:33:33.422330,2019-12-20 23:55:54.000000,2019-12-25 08:32:19.498308,2020-02-04 18:33:33.423314,Deleted,./christmas_pockets-c8b740857a5c987f39be2fe072ccb264/output
prob.py,0.0B,2020-02-04 18:33:33.438324,2020-02-04 18:33:33.438324,2020-02-04 18:33:33.438324,2020-02-04 18:33:33.438324,2020-02-04 18:33:33.438324,2019-12-20 23:55:50.000000,2019-12-25 08:32:19.505302,2020-02-04 18:33:33.439302,Deleted,./christmas_pockets-c8b740857a5c987f39be2fe072ccb264/prob.py
gazua.png,64.0KB,2020-02-04 18:33:33.457310,2020-02-04 18:33:33.457310,2020-02-04 18:33:33.457310,2020-02-04 18:33:33.457310,2020-02-04 18:33:33.457310,2019-12-24 23:44:00.293666,2019-12-24 23:44:00.400604,2020-02-04 18:33:33.457310,In use,./gazua.png
prob,0.0B,2020-02-04 18:33:33.484308,2020-02-04 18:33:33.484308,2020-02-04 18:33:33.484308,2020-02-04 18:33:33.484308,2020-02-04 18:33:33.484308,2020-02-04 18:33:33.544242,2020-02-04 18:33:33.616204,2020-02-04 18:33:33.544242,In use directory,./prob
paper.png,128.0KB,2020-02-04 18:33:33.498286,2020-02-04 18:33:33.498286,2020-02-04 18:33:33.498286,2020-02-04 18:33:33.498286,2020-02-04 18:33:33.498286,2019-12-25 08:37:44.555460,2019-12-25 08:37:47.776604,2020-02-04 18:33:33.510280,In use,./prob/paper.png
rock.png,128.0KB,2020-02-04 18:33:33.522256,2020-02-04 18:33:33.522256,2020-02-04 18:33:33.522256,2020-02-04 18:33:33.522256,2020-02-04 18:33:33.522256,2019-12-25 08:35:03.840932,2019-12-25 08:37:28.226854,2020-02-04 18:33:33.534266,In use,./prob/rock.png
scissor.png,128.0KB,2020-02-04 18:33:33.544242,2020-02-04 18:33:33.544242,2020-02-04 18:33:33.544242,2020-02-04 18:33:33.544242,2020-02-04 18:33:33.544242,2019-12-25 08:37:30.498548,2019-12-25 08:37:42.967372,2020-02-04 18:33:33.556252,In use,./prob/scissor.png
tools,0.0B,2020-02-04 18:33:56.253182,2020-02-04 18:33:56.253182,2020-02-04 18:33:56.253182,2020-02-04 18:33:56.253182,2020-02-04 18:33:56.253182,2020-02-04 18:38:24.753244,2020-02-04 18:38:24.753244,2020-02-04 18:38:25.051584,In use directory,./tools
plaso-master,0.0B,2020-02-04 18:34:00.387388,2020-02-04 18:34:00.387388,2020-02-04 18:34:00.387388,2020-02-04 18:34:00.387388,2020-02-04 18:34:00.387388,2020-02-04 18:36:27.900184,2020-02-04 18:36:27.900184,2020-02-04 18:36:27.900184,In use directory,./tools/plaso-master
.github,0.0B,2020-02-04 18:34:00.406368,2020-02-04 18:34:00.406368,2020-02-04 18:34:00.406368,2020-02-04 18:34:00.406368,2020-02-04 18:34:00.406368,2020-02-04 18:34:02.099190,2020-02-04 18:34:02.099190,2020-02-04 18:36:16.435624,In use directory,./tools/plaso-master/.github
ISSUE_TEMPLATE,0.0B,2020-02-04 18:34:00.410364,2020-02-04 18:34:00.410364,2020-02-04 18:34:00.410364,2020-02-04 18:34:00.410364,2020-02-04 18:34:00.410364,2020-02-04 18:34:00.418418,2020-02-04 18:34:00.418418,2020-02-04 18:36:16.436622,In use directory,./tools/plaso-master/.github/ISSUE_TEMPLATE
release.md,0.0B,2020-02-04 18:34:00.418418,2020-02-04 18:34:00.418418,2020-02-04 18:34:00.418418,2020-02-04 18:34:00.418418,2020-02-04 18:34:00.418418,2019-09-16 16:51:11.000000,2020-02-04 18:34:00.487320,2020-02-04 18:34:00.467332,In use,./tools/plaso-master/.github/ISSUE_TEMPLATE/release.md
ISSUE_TEMPLATE.md,0.0B,2020-02-04 18:34:00.495316,2020-02-04 18:34:00.495316,2020-02-04 18:34:00.495316,2020-02-04 18:34:00.495316,2020-02-04 18:34:00.495316,2019-09-16 16:51:11.000000,2020-02-04 18:34:02.006262,2020-02-04 18:34:00.535292,In use,./tools/plaso-master/.github/ISSUE_TEMPLATE.md
PULL_REQUEST_TEMPLATE.md,0.0B,2020-02-04 18:34:02.099190,2020-02-04 18:34:02.099190,2020-02-04 18:34:02.099190,2020-02-04 18:34:02.099190,2020-02-04 18:34:02.099190,2019-09-16 16:51:11.000000,2020-02-04 18:34:03.651070,2020-02-04 18:34:02.203132,In use,./tools/plaso-master/.github/PULL_REQUEST_TEMPLATE.md
.gitignore,0.0B,2020-02-04 18:34:03.669060,2020-02-04 18:34:03.669060,2020-02-04 18:34:03.669060,2020-02-04 18:34:03.669060,2020-02-04 18:34:03.669060,2019-09-16 16:51:11.000000,2020-02-04 18:34:05.138314,2020-02-04 18:34:03.698042,In use,./tools/plaso-master/.gitignore
psutil,0.0B,2020-02-04 18:37:51.852974,2020-02-04 18:37:51.852974,2020-02-04 18:37:51.852974,2020-02-04 18:37:51.852974,2020-02-04 18:37:51.852974,2020-02-04 18:37:51.863956,2020-02-04 18:37:51.863956,2020-02-04 18:40:19.354236,In use directory,./tools/psutil
_psutil_windows.cp37-win_amd64.pyd,0.0B,2020-02-04 18:37:51.863956,2020-02-04 18:37:51.863956,2020-02-04 18:37:51.863956,2020-02-04 18:37:51.863956,2020-02-04 18:37:51.863956,2019-07-13 02:58:48.000000,2020-02-04 18:37:54.507622,2020-02-04 18:37:51.918926,In use,./tools/psutil/_psutil_windows.cp37-win_amd64.pyd
Crypto,0.0B,2020-02-04 18:37:55.042884,2020-02-04 18:37:55.042884,2020-02-04 18:37:55.042884,2020-02-04 18:37:55.042884,2020-02-04 18:37:55.042884,2020-02-04 18:37:55.075870,2020-02-04 18:37:55.075870,2020-02-04 18:40:19.341236,In use directory,./tools/Crypto
Cipher,0.0B,2020-02-04 18:37:55.075870,2020-02-04 18:37:55.075870,2020-02-04 18:37:55.075870,2020-02-04 18:37:55.075870,2020-02-04 18:37:55.075870,2020-02-04 18:37:58.273886,2020-02-04 18:37:58.273886,2020-02-04 18:40:19.341236,In use directory,./tools/Crypto/Cipher
AUTHORS,0.0B,2020-02-04 18:34:13.529558,2020-02-04 18:34:13.529558,2020-02-04 18:34:13.529558,2020-02-04 18:34:13.529558,2020-02-04 18:34:13.529558,2019-09-16 16:51:11.000000,2020-02-04 18:34:16.437416,2020-02-04 18:34:14.985282,In use,./tools/plaso-master/AUTHORS
config,0.0B,2020-02-04 18:34:16.456404,2020-02-04 18:34:16.456404,2020-02-04 18:34:16.456404,2020-02-04 18:34:16.456404,2020-02-04 18:34:16.456404,2020-02-04 18:34:43.337310,2020-02-04 18:34:43.337310,2020-02-04 18:36:16.436622,In use directory,./tools/plaso-master/config
docker,0.0B,2020-02-04 18:34:16.471396,2020-02-04 18:34:16.471396,2020-02-04 18:34:16.471396,2020-02-04 18:34:16.471396,2020-02-04 18:34:16.471396,2020-02-04 18:34:18.035194,2020-02-04 18:34:18.035194,2020-02-04 18:36:16.437622,In use directory,./tools/plaso-master/config/docker
Dockerfile,0.0B,2020-02-04 18:34:16.492382,2020-02-04 18:34:16.492382,2020-02-04 18:34:16.492382,2020-02-04 18:34:16.492382,2020-02-04 18:34:16.492382,2019-09-16 16:51:11.000000,2020-02-04 18:34:18.021202,2020-02-04 18:34:16.583332,In use,./tools/plaso-master/config/docker/Dockerfile
plaso-switch.sh,0.0B,2020-02-04 18:34:18.035194,2020-02-04 18:34:18.035194,2020-02-04 18:34:18.035194,2020-02-04 18:34:18.035194,2020-02-04 18:34:18.035194,2019-09-16 16:51:11.000000,2020-02-04 18:34:19.526154,2020-02-04 18:34:18.097176,In use,./tools/plaso-master/config/docker/plaso-switch.sh
dpkg,0.0B,2020-02-04 18:34:19.543126,2020-02-04 18:34:19.543126,2020-02-04 18:34:19.543126,2020-02-04 18:34:19.543126,2020-02-04 18:34:19.543126,2020-02-04 18:34:40.326374,2020-02-04 18:34:40.326374,2020-02-04 18:36:16.438624,In use directory,./tools/plaso-master/config/dpkg
changelog,0.0B,2020-02-04 18:34:19.555118,2020-02-04 18:34:19.555118,2020-02-04 18:34:19.555118,2020-02-04 18:34:19.555118,2020-02-04 18:34:19.555118,2019-09-16 16:51:11.000000,2020-02-04 18:34:21.037304,2020-02-04 18:34:19.597094,In use,./tools/plaso-master/config/dpkg/changelog
clean,0.0B,2020-02-04 18:34:21.056292,2020-02-04 18:34:21.056292,2020-02-04 18:34:21.056292,2020-02-04 18:34:21.056292,2020-02-04 18:34:21.056292,2019-09-16 16:51:11.000000,2020-02-04 18:34:23.976156,2020-02-04 18:34:21.124254,In use,./tools/plaso-master/config/dpkg/clean
compat,0.0B,2020-02-04 18:34:23.999186,2020-02-04 18:34:23.999186,2020-02-04 18:34:23.999186,2020-02-04 18:34:23.999186,2020-02-04 18:34:23.999186,2019-09-16 16:51:11.000000,2020-02-04 18:34:25.455558,2020-02-04 18:34:24.027130,In use,./tools/plaso-master/config/dpkg/compat
control,0.0B,2020-02-04 18:34:25.468548,2020-02-04 18:34:25.468548,2020-02-04 18:34:25.468548,2020-02-04 18:34:25.468548,2020-02-04 18:34:25.468548,2019-09-16 16:51:11.000000,2020-02-04 18:34:26.939274,2020-02-04 18:34:25.504528,In use,./tools/plaso-master/config/dpkg/control
copyright,0.0B,2020-02-04 18:34:26.952248,2020-02-04 18:34:26.952248,2020-02-04 18:34:26.952248,2020-02-04 18:34:26.952248,2020-02-04 18:34:26.952248,2019-09-16 16:51:11.000000,2020-02-04 18:34:28.447636,2020-02-04 18:34:26.998224,In use,./tools/plaso-master/config/dpkg/copyright
plaso-data.dirs,0.0B,2020-02-04 18:34:28.469624,2020-02-04 18:34:28.469624,2020-02-04 18:34:28.469624,2020-02-04 18:34:28.469624,2020-02-04 18:34:28.469624,2019-09-16 16:51:11.000000,2020-02-04 18:34:29.977324,2020-02-04 18:34:28.540584,In use,./tools/plaso-master/config/dpkg/plaso-data.dirs
plaso-data.install,0.0B,2020-02-04 18:34:29.996316,2020-02-04 18:34:29.996316,2020-02-04 18:34:29.996316,2020-02-04 18:34:29.996316,2020-02-04 18:34:29.996316,2019-09-16 16:51:11.000000,2020-02-04 18:34:32.888134,2020-02-04 18:34:31.449382,In use,./tools/plaso-master/config/dpkg/plaso-data.install
plaso-tools.install,0.0B,2020-02-04 18:34:32.900124,2020-02-04 18:34:32.900124,2020-02-04 18:34:32.900124,2020-02-04 18:34:32.900124,2020-02-04 18:34:32.900124,2019-09-16 16:51:11.000000,2020-02-04 18:34:34.384994,2020-02-04 18:34:32.934108,In use,./tools/plaso-master/config/dpkg/plaso-tools.install
python-plaso.install,0.0B,2020-02-04 18:34:35.811420,2020-02-04 18:34:35.811420,2020-02-04 18:34:35.811420,2020-02-04 18:34:35.811420,2020-02-04 18:34:35.811420,2019-09-16 16:51:11.000000,2020-02-04 18:34:37.288132,2020-02-04 18:34:35.852396,In use,./tools/plaso-master/config/dpkg/python-plaso.install
python3-plaso.install,0.0B,2020-02-04 18:34:37.303124,2020-02-04 18:34:37.303124,2020-02-04 18:34:37.303124,2020-02-04 18:34:37.303124,2020-02-04 18:34:37.303124,2019-09-16 16:51:11.000000,2020-02-04 18:34:38.769084,2020-02-04 18:34:37.334086,In use,./tools/plaso-master/config/dpkg/python3-plaso.install
rules,0.0B,2020-02-04 18:34:38.789068,2020-02-04 18:34:38.789068,2020-02-04 18:34:38.789068,2020-02-04 18:34:38.789068,2020-02-04 18:34:38.789068,2019-09-16 16:51:11.000000,2020-02-04 18:34:40.309384,2020-02-04 18:34:38.870024,In use,./tools/plaso-master/config/dpkg/rules
source,0.0B,2020-02-04 18:34:40.326374,2020-02-04 18:34:40.326374,2020-02-04 18:34:40.326374,2020-02-04 18:34:40.326374,2020-02-04 18:34:40.326374,2020-02-04 18:34:40.343364,2020-02-04 18:34:40.343364,2020-02-04 18:36:16.439626,In use directory,./tools/plaso-master/config/dpkg/source
format,0.0B,2020-02-04 18:34:40.343364,2020-02-04 18:34:40.343364,2020-02-04 18:34:40.343364,2020-02-04 18:34:40.343364,2020-02-04 18:34:40.343364,2019-09-16 16:51:11.000000,2020-02-04 18:34:41.826180,2020-02-04 18:34:40.384342,In use,./tools/plaso-master/config/dpkg/source/format
end-to-end.ini,0.0B,2020-02-04 18:34:41.841172,2020-02-04 18:34:41.841172,2020-02-04 18:34:41.841172,2020-02-04 18:34:41.841172,2020-02-04 18:34:41.841172,2019-09-16 16:51:11.000000,2020-02-04 18:34:43.323318,2020-02-04 18:34:41.891124,In use,./tools/plaso-master/config/end-to-end.ini
jenkins,0.0B,2020-02-04 18:34:43.337310,2020-02-04 18:34:43.337310,2020-02-04 18:34:43.337310,2020-02-04 18:34:43.337310,2020-02-04 18:34:43.337310,2020-02-04 18:35:11.550820,2020-02-04 18:35:11.550820,2020-02-04 18:36:16.439626,In use directory,./tools/plaso-master/config/jenkins
greendale,0.0B,2020-02-04 18:34:43.351312,2020-02-04 18:34:43.351312,2020-02-04 18:34:43.351312,2020-02-04 18:34:43.351312,2020-02-04 18:34:43.351312,2020-02-04 18:35:05.608446,2020-02-04 18:35:05.608446,2020-02-04 18:36:16.441620,In use directory,./tools/plaso-master/config/jenkins/greendale
acserver-mounted.ini,0.0B,2020-02-04 18:34:43.366310,2020-02-04 18:34:43.366310,2020-02-04 18:34:43.366310,2020-02-04 18:34:43.366310,2020-02-04 18:34:43.366310,2019-09-16 16:51:11.000000,2020-02-04 18:34:44.833060,2020-02-04 18:34:43.400274,In use,./tools/plaso-master/config/jenkins/greendale/acserver-mounted.ini
acserver.ini,0.0B,2020-02-04 18:34:44.849052,2020-02-04 18:34:44.849052,2020-02-04 18:34:44.849052,2020-02-04 18:34:44.849052,2020-02-04 18:34:44.849052,2019-09-16 16:51:11.000000,2020-02-04 18:34:46.318680,2020-02-04 18:34:44.889030,In use,./tools/plaso-master/config/jenkins/greendale/acserver.ini
dc1-greendale3.ini,0.0B,2020-02-04 18:34:46.341668,2020-02-04 18:34:46.341668,2020-02-04 18:34:46.341668,2020-02-04 18:34:46.341668,2020-02-04 18:34:46.341668,2019-09-16 16:51:11.000000,2020-02-04 18:34:47.821612,2020-02-04 18:34:46.385628,In use,./tools/plaso-master/config/jenkins/greendale/dc1-greendale3.ini
dean_mac-browserhistory.ini,0.0B,2020-02-04 18:34:47.838600,2020-02-04 18:34:47.838600,2020-02-04 18:34:47.838600,2020-02-04 18:34:47.838600,2020-02-04 18:34:47.838600,2019-09-16 16:51:11.000000,2020-02-04 18:34:49.315404,2020-02-04 18:34:47.873582,In use,./tools/plaso-master/config/jenkins/greendale/dean_mac-browserhistory.ini
dean_mac.ini,0.0B,2020-02-04 18:34:49.327396,2020-02-04 18:34:49.327396,2020-02-04 18:34:49.327396,2020-02-04 18:34:49.327396,2020-02-04 18:34:49.327396,2019-09-16 16:51:11.000000,2020-02-04 18:34:50.791316,2020-02-04 18:34:49.361378,In use,./tools/plaso-master/config/jenkins/greendale/dean_mac.ini
psort-dean-hashes.ini,0.0B,2020-02-04 18:34:52.232492,2020-02-04 18:34:52.232492,2020-02-04 18:34:52.232492,2020-02-04 18:34:52.232492,2020-02-04 18:34:52.232492,2019-09-16 16:51:11.000000,2020-02-04 18:34:55.183308,2020-02-04 18:34:53.747372,In use,./tools/plaso-master/config/jenkins/greendale/psort-dean-hashes.ini
psort-studentpc1-services.ini,0.0B,2020-02-04 18:34:55.204296,2020-02-04 18:34:55.204296,2020-02-04 18:34:55.204296,2020-02-04 18:34:55.204296,2020-02-04 18:34:55.204296,2019-09-16 16:51:11.000000,2020-02-04 18:34:56.669230,2020-02-04 18:34:55.236260,In use,./tools/plaso-master/config/jenkins/greendale/psort-studentpc1-services.ini
psort-studentpc1-sessionize-unique-domains.ini,0.0B,2020-02-04 18:34:56.682204,2020-02-04 18:34:56.682204,2020-02-04 18:34:56.682204,2020-02-04 18:34:56.682204,2020-02-04 18:34:56.682204,2019-09-16 16:51:11.000000,2020-02-04 18:34:58.162086,2020-02-04 18:34:56.721180,In use,./tools/plaso-master/config/jenkins/greendale/psort-studentpc1-sessionize-unique-domains.ini
psort-studentpc1-tagging.ini,0.0B,2020-02-04 18:34:58.176092,2020-02-04 18:34:58.176092,2020-02-04 18:34:58.176092,2020-02-04 18:34:58.176092,2020-02-04 18:34:58.176092,2019-09-16 16:51:11.000000,2020-02-04 18:34:59.644952,2020-02-04 18:34:58.209058,In use,./tools/plaso-master/config/jenkins/greendale/psort-studentpc1-tagging.ini
registrar.ini,0.0B,2020-02-04 18:34:59.660940,2020-02-04 18:34:59.660940,2020-02-04 18:34:59.660940,2020-02-04 18:34:59.660940,2020-02-04 18:34:59.660940,2019-09-16 16:51:11.000000,2020-02-04 18:35:01.127404,2020-02-04 18:34:59.690924,In use,./tools/plaso-master/config/jenkins/greendale/registrar.ini
student-pc1-browserhistory.ini,0.0B,2020-02-04 18:35:01.141412,2020-02-04 18:35:01.141412,2020-02-04 18:35:01.141412,2020-02-04 18:35:01.141412,2020-02-04 18:35:01.141412,2019-09-16 16:51:11.000000,2020-02-04 18:35:02.603196,2020-02-04 18:35:01.177358,In use,./tools/plaso-master/config/jenkins/greendale/student-pc1-browserhistory.ini
student-pc1.ini,0.0B,2020-02-04 18:35:02.622168,2020-02-04 18:35:02.622168,2020-02-04 18:35:02.622168,2020-02-04 18:35:02.622168,2020-02-04 18:35:02.622168,2019-09-16 16:51:11.000000,2020-02-04 18:35:04.100960,2020-02-04 18:35:02.660146,In use,./tools/plaso-master/config/jenkins/greendale/student-pc1.ini
studentpc10.ini,0.0B,2020-02-04 18:35:04.115954,2020-02-04 18:35:04.115954,2020-02-04 18:35:04.115954,2020-02-04 18:35:04.115954,2020-02-04 18:35:04.115954,2019-09-16 16:51:11.000000,2020-02-04 18:35:05.591472,2020-02-04 18:35:04.150932,In use,./tools/plaso-master/config/jenkins/greendale/studentpc10.ini
studentpc8.ini,0.0B,2020-02-04 18:35:05.608446,2020-02-04 18:35:05.608446,2020-02-04 18:35:05.608446,2020-02-04 18:35:05.608446,2020-02-04 18:35:05.608446,2019-09-16 16:51:11.000000,2020-02-04 18:35:07.081390,2020-02-04 18:35:05.650424,In use,./tools/plaso-master/config/jenkins/greendale/studentpc8.ini
linux,0.0B,2020-02-04 18:35:08.511132,2020-02-04 18:35:08.511132,2020-02-04 18:35:08.511132,2020-02-04 18:35:08.511132,2020-02-04 18:35:08.511132,2020-02-04 18:35:10.036948,2020-02-04 18:35:10.036948,2020-02-04 18:36:16.442620,In use directory,./tools/plaso-master/config/jenkins/linux
run_end_to_end_tests.sh,0.0B,2020-02-04 18:35:08.532114,2020-02-04 18:35:08.532114,2020-02-04 18:35:08.532114,2020-02-04 18:35:08.532114,2020-02-04 18:35:08.532114,2019-09-16 16:51:11.000000,2020-02-04 18:35:10.010980,2020-02-04 18:35:08.576090,In use,./tools/plaso-master/config/jenkins/linux/run_end_to_end_tests.sh
run_end_to_end_tests_py3.sh,0.0B,2020-02-04 18:35:10.036948,2020-02-04 18:35:10.036948,2020-02-04 18:35:10.036948,2020-02-04 18:35:10.036948,2020-02-04 18:35:10.036948,2019-09-16 16:51:11.000000,2020-02-04 18:35:11.535812,2020-02-04 18:35:10.103910,In use,./tools/plaso-master/config/jenkins/linux/run_end_to_end_tests_py3.sh
sans,0.0B,2020-02-04 18:35:11.550820,2020-02-04 18:35:11.550820,2020-02-04 18:35:11.550820,2020-02-04 18:35:11.550820,2020-02-04 18:35:11.550820,2020-02-04 18:35:14.559038,2020-02-04 18:35:14.559038,2020-02-04 18:36:16.442620,In use directory,./tools/plaso-master/config/jenkins/sans
drfalken.ini,0.0B,2020-02-04 18:35:11.566794,2020-02-04 18:35:11.566794,2020-02-04 18:35:11.566794,2020-02-04 18:35:11.566794,2020-02-04 18:35:11.566794,2019-09-16 16:51:11.000000,2020-02-04 18:35:13.039244,2020-02-04 18:35:11.604774,In use,./tools/plaso-master/config/jenkins/sans/drfalken.ini
win2008R2-controller.ini,0.0B,2020-02-04 18:35:13.051238,2020-02-04 18:35:13.051238,2020-02-04 18:35:13.051238,2020-02-04 18:35:13.051238,2020-02-04 18:35:13.051238,2019-09-16 16:51:11.000000,2020-02-04 18:35:14.535054,2020-02-04 18:35:13.090234,In use,./tools/plaso-master/config/jenkins/sans/win2008R2-controller.ini
win7-32-nromanoff.ini,0.0B,2020-02-04 18:35:14.559038,2020-02-04 18:35:14.559038,2020-02-04 18:35:14.559038,2020-02-04 18:35:14.559038,2020-02-04 18:35:14.559038,2019-09-16 16:51:11.000000,2020-02-04 18:35:17.445012,2020-02-04 18:35:14.589022,In use,./tools/plaso-master/config/jenkins/sans/win7-32-nromanoff.ini
_AES.cp37-win_amd64.pyd,0.0B,2020-02-04 18:37:55.087856,2020-02-04 18:37:55.087856,2020-02-04 18:37:55.087856,2020-02-04 18:37:55.087856,2020-02-04 18:37:55.087856,2019-06-02 00:13:02.000000,2020-02-04 18:37:56.621638,2020-02-04 18:37:55.167812,In use,./tools/Crypto/Cipher/_AES.cp37-win_amd64.pyd
_ARC4.cp37-win_amd64.pyd,0.0B,2020-02-04 18:37:56.640644,2020-02-04 18:37:56.640644,2020-02-04 18:37:56.640644,2020-02-04 18:37:56.640644,2020-02-04 18:37:56.640644,2019-06-02 00:13:02.000000,2020-02-04 18:37:56.736574,2020-02-04 18:37:56.708604,In use,./tools/Crypto/Cipher/_ARC4.cp37-win_amd64.pyd
_Blowfish.cp37-win_amd64.pyd,0.0B,2020-02-04 18:37:56.750566,2020-02-04 18:37:56.750566,2020-02-04 18:37:56.750566,2020-02-04 18:37:56.750566,2020-02-04 18:37:56.750566,2019-06-02 00:13:02.000000,2020-02-04 18:37:58.262896,2020-02-04 18:37:56.812532,In use,./tools/Crypto/Cipher/_Blowfish.cp37-win_amd64.pyd
_DES3.cp37-win_amd64.pyd,0.0B,2020-02-04 18:37:58.273886,2020-02-04 18:37:58.273886,2020-02-04 18:37:58.273886,2020-02-04 18:37:58.273886,2020-02-04 18:37:58.273886,2019-06-02 00:13:02.000000,2020-02-04 18:37:59.815690,2020-02-04 18:37:58.352842,In use,./tools/Crypto/Cipher/_DES3.cp37-win_amd64.pyd
data,0.0B,2020-02-04 18:37:59.825684,2020-02-04 18:37:59.825684,2020-02-04 18:37:59.825684,2020-02-04 18:37:59.825684,2020-02-04 18:37:59.825684,2020-02-04 18:38:09.057666,2020-02-04 18:38:09.057666,2020-02-04 18:40:19.342236,In use directory,./tools/data
filter_windows.txt,0.0B,2020-02-04 18:37:59.850672,2020-02-04 18:37:59.850672,2020-02-04 18:37:59.850672,2020-02-04 18:37:59.850672,2020-02-04 18:37:59.850672,2019-03-31 07:29:06.000000,2020-02-04 18:37:59.904640,2020-02-04 18:37:59.879652,In use,./tools/data/filter_windows.txt
filter_windows.yaml,0.0B,2020-02-04 18:37:59.916634,2020-02-04 18:37:59.916634,2020-02-04 18:37:59.916634,2020-02-04 18:37:59.916634,2020-02-04 18:37:59.916634,2019-06-01 11:56:00.000000,2020-02-04 18:38:01.395398,2020-02-04 18:37:59.948624,In use,./tools/data/filter_windows.yaml
plaso-data.README,0.0B,2020-02-04 18:38:01.412388,2020-02-04 18:38:01.412388,2020-02-04 18:38:01.412388,2020-02-04 18:38:01.412388,2020-02-04 18:38:01.412388,2018-01-27 22:48:16.000000,2020-02-04 18:38:01.457756,2020-02-04 18:38:01.441372,In use,./tools/data/plaso-data.README
plaso_kibana_example.json,0.0B,2020-02-04 18:38:01.470748,2020-02-04 18:38:01.470748,2020-02-04 18:38:01.470748,2020-02-04 18:38:01.470748,2020-02-04 18:38:01.470748,2017-10-01 06:47:34.000000,2020-02-04 18:38:04.383506,2020-02-04 18:38:01.508728,In use,./tools/data/plaso_kibana_example.json
presets.yaml,0.0B,2020-02-04 18:38:04.403494,2020-02-04 18:38:04.403494,2020-02-04 18:38:04.403494,2020-02-04 18:38:04.403494,2020-02-04 18:38:04.403494,2019-07-11 21:49:06.000000,2020-02-04 18:38:04.451468,2020-02-04 18:38:04.431478,In use,./tools/data/presets.yaml
signatures.conf,0.0B,2020-02-04 18:38:04.463460,2020-02-04 18:38:04.463460,2020-02-04 18:38:04.463460,2020-02-04 18:38:04.463460,2020-02-04 18:38:04.463460,2017-10-01 06:47:34.000000,2020-02-04 18:38:07.359332,2020-02-04 18:38:05.921538,In use,./tools/data/signatures.conf
tag_macos.txt,0.0B,2020-02-04 18:38:07.373322,2020-02-04 18:38:07.373322,2020-02-04 18:38:07.373322,2020-02-04 18:38:07.373322,2020-02-04 18:38:07.373322,2019-01-31 23:47:16.000000,2020-02-04 18:38:08.835796,2020-02-04 18:38:07.402308,In use,./tools/data/tag_macos.txt
tag_windows.txt,0.0B,2020-02-04 18:38:08.906756,2020-02-04 18:38:08.906756,2020-02-04 18:38:08.906756,2020-02-04 18:38:08.906756,2020-02-04 18:38:08.906756,2019-06-20 10:18:10.000000,2020-02-04 18:38:09.043676,2020-02-04 18:38:09.011692,In use,./tools/data/tag_windows.txt
winevt-rc.db,0.0B,2020-02-04 18:38:09.057666,2020-02-04 18:38:09.057666,2020-02-04 18:38:09.057666,2020-02-04 18:38:09.057666,2020-02-04 18:38:09.057666,2018-10-01 23:22:10.000000,2020-02-04 18:38:20.640868,2020-02-04 18:38:20.409000,In use,./tools/data/winevt-rc.db
dfvfs,0.0B,2020-02-04 18:38:21.107598,2020-02-04 18:38:21.107598,2020-02-04 18:38:21.107598,2020-02-04 18:38:21.107598,2020-02-04 18:38:21.107598,2020-02-04 18:38:21.127588,2020-02-04 18:38:21.127588,2020-02-04 18:40:19.343242,In use directory,./tools/dfvfs
lib,0.0B,2020-02-04 18:38:21.127588,2020-02-04 18:38:21.127588,2020-02-04 18:38:21.127588,2020-02-04 18:38:21.127588,2020-02-04 18:38:21.127588,2020-02-04 18:38:21.946116,2020-02-04 18:38:21.946116,2020-02-04 18:40:19.343242,In use directory,./tools/dfvfs/lib
cpio.yaml,0.0B,2020-02-04 18:38:21.274504,2020-02-04 18:38:21.274504,2020-02-04 18:38:21.274504,2020-02-04 18:38:21.274504,2020-02-04 18:38:21.274504,2019-07-13 03:01:40.000000,2020-02-04 18:38:21.757226,2020-02-04 18:38:21.715254,In use,./tools/dfvfs/lib/cpio.yaml
gzipfile.yaml,0.0B,2020-02-04 18:38:21.946116,2020-02-04 18:38:21.946116,2020-02-04 18:38:21.946116,2020-02-04 18:38:21.946116,2020-02-04 18:38:21.946116,2019-07-13 03:01:40.000000,2020-02-04 18:38:23.445764,2020-02-04 18:38:21.987094,In use,./tools/dfvfs/lib/gzipfile.yaml
dfwinreg,0.0B,2020-02-04 18:38:23.699862,2020-02-04 18:38:23.699862,2020-02-04 18:38:23.699862,2020-02-04 18:38:23.699862,2020-02-04 18:38:23.699862,2020-02-04 18:38:24.241538,2020-02-04 18:38:24.241538,2020-02-04 18:40:19.344236,In use directory,./tools/dfwinreg
dtfabric.yaml,0.0B,2020-02-04 18:38:24.241538,2020-02-04 18:38:24.241538,2020-02-04 18:38:24.241538,2020-02-04 18:38:24.241538,2020-02-04 18:38:24.241538,2019-07-13 03:02:00.000000,2020-02-04 18:38:24.336484,2020-02-04 18:38:24.309498,In use,./tools/dfwinreg/dtfabric.yaml
plaso,0.0B,2020-02-04 18:38:24.749252,2020-02-04 18:38:24.749252,2020-02-04 18:38:24.749252,2020-02-04 18:38:24.749252,2020-02-04 18:38:24.749252,2020-02-04 18:38:25.055580,2020-02-04 18:38:25.055580,2020-02-04 18:40:19.344236,In use directory,./tools/plaso
parsers,0.0B,2020-02-04 18:38:25.055580,2020-02-04 18:38:25.055580,2020-02-04 18:38:25.055580,2020-02-04 18:38:25.055580,2020-02-04 18:38:25.055580,2020-02-04 18:40:14.726852,2020-02-04 18:40:14.726852,2020-02-04 18:40:19.345236,In use directory,./tools/plaso/parsers
asl.yaml,0.0B,2020-02-04 18:38:25.272454,2020-02-04 18:38:25.272454,2020-02-04 18:38:25.272454,2020-02-04 18:38:25.272454,2020-02-04 18:38:25.272454,2018-06-30 23:49:46.000000,2020-02-04 18:38:27.160370,2020-02-04 18:38:25.679220,In use,./tools/plaso/parsers/asl.yaml
bsm.yaml,0.0B,2020-02-04 18:38:27.701060,2020-02-04 18:38:27.701060,2020-02-04 18:38:27.701060,2020-02-04 18:38:27.701060,2020-02-04 18:38:27.701060,2018-08-19 22:02:28.000000,2020-02-04 18:38:30.709494,2020-02-04 18:38:27.832984,In use,./tools/plaso/parsers/bsm.yaml
chrome_cache.yaml,0.0B,2020-02-04 18:38:35.794452,2020-02-04 18:38:35.794452,2020-02-04 18:38:35.794452,2020-02-04 18:38:35.794452,2020-02-04 18:38:35.794452,2018-08-19 22:02:28.000000,2020-02-04 18:38:36.293302,2020-02-04 18:38:36.265324,In use,./tools/plaso/parsers/chrome_cache.yaml
cups_ipp.yaml,0.0B,2020-02-04 18:38:36.478872,2020-02-04 18:38:36.478872,2020-02-04 18:38:36.478872,2020-02-04 18:38:36.478872,2020-02-04 18:38:36.478872,2018-12-09 01:42:58.000000,2020-02-04 18:38:36.555830,2020-02-04 18:38:36.518852,In use,./tools/plaso/parsers/cups_ipp.yaml
custom_destinations.yaml,0.0B,2020-02-04 18:38:36.910624,2020-02-04 18:38:36.910624,2020-02-04 18:38:36.910624,2020-02-04 18:38:36.910624,2020-02-04 18:38:36.910624,2018-10-01 23:22:10.000000,2020-02-04 18:38:38.844788,2020-02-04 18:38:37.404126,In use,./tools/plaso/parsers/custom_destinations.yaml
esedb_plugins,0.0B,2020-02-04 18:38:39.575366,2020-02-04 18:38:39.575366,2020-02-04 18:38:39.575366,2020-02-04 18:38:39.575366,2020-02-04 18:38:39.575366,2020-02-04 18:38:44.360784,2020-02-04 18:38:44.360784,2020-02-04 18:40:19.346236,In use directory,./tools/plaso/parsers/esedb_plugins
types.yaml,0.0B,2020-02-04 18:38:44.360784,2020-02-04 18:38:44.360784,2020-02-04 18:38:44.360784,2020-02-04 18:38:44.360784,2020-02-04 18:38:44.360784,2018-10-01 23:22:10.000000,2020-02-04 18:38:48.193738,2020-02-04 18:38:48.171752,In use,./tools/plaso/parsers/esedb_plugins/types.yaml
firefox_cache.yaml,0.0B,2020-02-04 18:38:48.327660,2020-02-04 18:38:48.327660,2020-02-04 18:38:48.327660,2020-02-04 18:38:48.327660,2020-02-04 18:38:48.327660,2018-08-19 22:02:28.000000,2020-02-04 18:38:48.393622,2020-02-04 18:38:48.371636,In use,./tools/plaso/parsers/firefox_cache.yaml
fseventsd.yaml,0.0B,2020-02-04 18:38:57.337726,2020-02-04 18:38:57.337726,2020-02-04 18:38:57.337726,2020-02-04 18:38:57.337726,2020-02-04 18:38:57.337726,2018-08-19 22:02:28.000000,2020-02-04 18:39:00.560524,2020-02-04 18:38:59.110360,In use,./tools/plaso/parsers/fseventsd.yaml
java_idx.yaml,0.0B,2020-02-04 18:39:00.591508,2020-02-04 18:39:00.591508,2020-02-04 18:39:00.591508,2020-02-04 18:39:00.591508,2020-02-04 18:39:00.591508,2018-06-30 23:49:46.000000,2020-02-04 18:39:00.920326,2020-02-04 18:39:00.888340,In use,./tools/plaso/parsers/java_idx.yaml
mac_keychain.yaml,0.0B,2020-02-04 18:39:01.486996,2020-02-04 18:39:01.486996,2020-02-04 18:39:01.486996,2020-02-04 18:39:01.486996,2020-02-04 18:39:01.486996,2018-10-01 23:22:10.000000,2020-02-04 18:39:03.171024,2020-02-04 18:39:01.727852,In use,./tools/plaso/parsers/mac_keychain.yaml
ntfs.yaml,0.0B,2020-02-04 18:39:03.705716,2020-02-04 18:39:03.705716,2020-02-04 18:39:03.705716,2020-02-04 18:39:03.705716,2020-02-04 18:39:03.705716,2018-06-30 23:49:46.000000,2020-02-04 18:39:05.794516,2020-02-04 18:39:04.354344,In use,./tools/plaso/parsers/ntfs.yaml
olecf_plugins,0.0B,2020-02-04 18:39:06.072356,2020-02-04 18:39:06.072356,2020-02-04 18:39:06.072356,2020-02-04 18:39:06.072356,2020-02-04 18:39:06.072356,2020-02-04 18:39:06.191288,2020-02-04 18:39:06.191288,2020-02-04 18:40:19.346236,In use directory,./tools/plaso/parsers/olecf_plugins
automatic_destinations.yaml,0.0B,2020-02-04 18:39:06.191288,2020-02-04 18:39:06.191288,2020-02-04 18:39:06.191288,2020-02-04 18:39:06.191288,2020-02-04 18:39:06.191288,2018-08-19 22:02:28.000000,2020-02-04 18:39:06.691000,2020-02-04 18:39:06.652026,In use,./tools/plaso/parsers/olecf_plugins/automatic_destinations.yaml
plist_plugins,0.0B,2020-02-04 18:39:06.826922,2020-02-04 18:39:06.826922,2020-02-04 18:39:06.826922,2020-02-04 18:39:06.826922,2020-02-04 18:39:06.826922,2020-02-04 18:39:06.960846,2020-02-04 18:39:06.960846,2020-02-04 18:40:19.346236,In use directory,./tools/plaso/parsers/plist_plugins
timemachine.yaml,0.0B,2020-02-04 18:39:06.960846,2020-02-04 18:39:06.960846,2020-02-04 18:39:06.960846,2020-02-04 18:39:06.960846,2020-02-04 18:39:06.960846,2018-10-01 23:22:10.000000,2020-02-04 18:39:08.872746,2020-02-04 18:39:07.422578,In use,./tools/plaso/parsers/plist_plugins/timemachine.yaml
pls_recall.yaml,0.0B,2020-02-04 18:39:09.223544,2020-02-04 18:39:09.223544,2020-02-04 18:39:09.223544,2020-02-04 18:39:09.223544,2020-02-04 18:39:09.223544,2018-06-30 23:49:46.000000,2020-02-04 18:39:09.692276,2020-02-04 18:39:09.659292,In use,./tools/plaso/parsers/pls_recall.yaml
recycler.yaml,0.0B,2020-02-04 18:39:10.471826,2020-02-04 18:39:10.471826,2020-02-04 18:39:10.471826,2020-02-04 18:39:10.471826,2020-02-04 18:39:10.471826,2018-06-30 23:49:46.000000,2020-02-04 18:39:12.625320,2020-02-04 18:39:11.138952,In use,./tools/plaso/parsers/recycler.yaml
safari_cookies.yaml,0.0B,2020-02-04 18:39:23.860222,2020-02-04 18:39:23.860222,2020-02-04 18:39:23.860222,2020-02-04 18:39:23.860222,2020-02-04 18:39:23.860222,2018-06-30 23:49:46.000000,2020-02-04 18:39:41.738174,2020-02-04 18:39:41.714188,In use,./tools/plaso/parsers/safari_cookies.yaml
systemd_journal.yaml,0.0B,2020-02-04 18:39:42.225894,2020-02-04 18:39:42.225894,2020-02-04 18:39:42.225894,2020-02-04 18:39:42.225894,2020-02-04 18:39:42.225894,2018-10-01 23:22:10.000000,2020-02-04 18:39:42.301852,2020-02-04 18:39:42.268870,In use,./tools/plaso/parsers/systemd_journal.yaml
utmp.yaml,0.0B,2020-02-04 18:39:42.970580,2020-02-04 18:39:42.970580,2020-02-04 18:39:42.970580,2020-02-04 18:39:42.970580,2020-02-04 18:39:42.970580,2018-06-30 23:49:46.000000,2020-02-04 18:39:45.001884,2020-02-04 18:39:43.541784,In use,./tools/plaso/parsers/utmp.yaml
winjob.yaml,0.0B,2020-02-04 18:39:46.991740,2020-02-04 18:39:46.991740,2020-02-04 18:39:46.991740,2020-02-04 18:39:46.991740,2020-02-04 18:39:46.991740,2018-06-30 23:49:46.000000,2020-02-04 18:39:48.509398,2020-02-04 18:39:47.058700,In use,./tools/plaso/parsers/winjob.yaml
winreg_plugins,0.0B,2020-02-04 18:39:48.675302,2020-02-04 18:39:48.675302,2020-02-04 18:39:48.675302,2020-02-04 18:39:48.675302,2020-02-04 18:39:48.675302,2020-02-04 18:40:13.215722,2020-02-04 18:40:13.215722,2020-02-04 18:40:19.347234,In use directory,./tools/plaso/parsers/winreg_plugins
appcompatcache.yaml,0.0B,2020-02-04 18:39:48.702286,2020-02-04 18:39:48.702286,2020-02-04 18:39:48.702286,2020-02-04 18:39:48.702286,2020-02-04 18:39:48.702286,2018-08-19 22:02:28.000000,2020-02-04 18:39:48.852200,2020-02-04 18:39:48.786238,In use,./tools/plaso/parsers/winreg_plugins/appcompatcache.yaml
filetime.yaml,0.0B,2020-02-04 18:40:02.769198,2020-02-04 18:40:02.769198,2020-02-04 18:40:02.769198,2020-02-04 18:40:02.769198,2020-02-04 18:40:02.769198,2018-08-19 22:02:28.000000,2020-02-04 18:40:03.524764,2020-02-04 18:40:03.489782,In use,./tools/plaso/parsers/winreg_plugins/filetime.yaml
mru.yaml,0.0B,2020-02-04 18:40:03.846578,2020-02-04 18:40:03.846578,2020-02-04 18:40:03.846578,2020-02-04 18:40:03.846578,2020-02-04 18:40:03.846578,2018-08-19 22:02:28.000000,2020-02-04 18:40:05.651540,2020-02-04 18:40:04.197380,In use,./tools/plaso/parsers/winreg_plugins/mru.yaml
programscache.yaml,0.0B,2020-02-04 18:40:05.923384,2020-02-04 18:40:05.923384,2020-02-04 18:40:05.923384,2020-02-04 18:40:05.923384,2020-02-04 18:40:05.923384,2018-08-19 22:02:28.000000,2020-02-04 18:40:06.318156,2020-02-04 18:40:06.284176,In use,./tools/plaso/parsers/winreg_plugins/programscache.yaml
sam_users.yaml,0.0B,2020-02-04 18:40:06.383118,2020-02-04 18:40:06.383118,2020-02-04 18:40:06.383118,2020-02-04 18:40:06.383118,2020-02-04 18:40:06.383118,2018-08-19 22:02:28.000000,2020-02-04 18:40:07.870266,2020-02-04 18:40:06.424094,In use,./tools/plaso/parsers/winreg_plugins/sam_users.yaml
systemtime.yaml,0.0B,2020-02-04 18:40:08.388966,2020-02-04 18:40:08.388966,2020-02-04 18:40:08.388966,2020-02-04 18:40:08.388966,2020-02-04 18:40:08.388966,2018-08-19 22:02:28.000000,2020-02-04 18:40:08.474916,2020-02-04 18:40:08.447932,In use,./tools/plaso/parsers/winreg_plugins/systemtime.yaml
task_scheduler.yaml,0.0B,2020-02-04 18:40:08.952642,2020-02-04 18:40:08.952642,2020-02-04 18:40:08.952642,2020-02-04 18:40:08.952642,2020-02-04 18:40:08.952642,2018-08-19 22:02:28.000000,2020-02-04 18:40:11.780548,2020-02-04 18:40:10.307396,In use,./tools/plaso/parsers/winreg_plugins/task_scheduler.yaml
userassist.yaml,0.0B,2020-02-04 18:40:13.215722,2020-02-04 18:40:13.215722,2020-02-04 18:40:13.215722,2020-02-04 18:40:13.215722,2020-02-04 18:40:13.215722,2018-08-19 22:02:28.000000,2020-02-04 18:40:14.699868,2020-02-04 18:40:13.253700,In use,./tools/plaso/parsers/winreg_plugins/userassist.yaml
winrestore.yaml,0.0B,2020-02-04 18:40:14.726852,2020-02-04 18:40:14.726852,2020-02-04 18:40:14.726852,2020-02-04 18:40:14.726852,2020-02-04 18:40:14.726852,2018-06-09 23:21:36.000000,2020-02-04 18:40:14.807804,2020-02-04 18:40:14.787818,In use,./tools/plaso/parsers/winrestore.yaml
200107~08 겨울엠티,0.0B,2020-02-04 18:43:17.010920,2020-02-04 18:43:17.010920,2020-02-04 18:43:17.010920,2020-02-04 18:43:17.010920,2020-02-04 18:38:10.913900,2020-02-04 18:47:49.073964,2020-02-04 18:47:49.073964,2020-02-04 18:47:49.073964,In use directory,./200107~08 겨울엠티
20200107_115620.jpg,4.5MB,2020-02-04 18:43:17.024932,2020-02-04 18:43:17.024932,2020-02-04 18:43:17.024932,2020-02-04 18:43:17.024932,2020-02-04 18:38:12.186982,2020-01-07 02:56:20.000000,2020-02-04 18:46:10.397802,2020-02-04 18:43:21.838248,In use,./200107~08 겨울엠티/20200107_115620.jpg
20200107_120228.jpg,3.6MB,2020-02-04 18:43:21.861232,2020-02-04 18:43:21.861232,2020-02-04 18:43:21.861232,2020-02-04 18:43:21.861232,2020-02-04 18:38:15.719674,2020-01-07 03:02:28.000000,2020-02-04 18:46:10.799570,2020-02-04 18:43:23.718212,In use,./200107~08 겨울엠티/20200107_120228.jpg
20200107_120230.jpg,3.6MB,2020-02-04 18:43:23.745244,2020-02-04 18:43:23.745244,2020-02-04 18:43:23.745244,2020-02-04 18:43:23.745244,2020-02-04 18:38:19.273370,2020-01-07 03:02:30.000000,2020-02-04 18:46:04.354000,2020-02-04 18:43:24.536002,In use,./200107~08 겨울엠티/20200107_120230.jpg
20200107_141022.jpg,3.2MB,2020-02-04 18:43:24.561986,2020-02-04 18:43:24.561986,2020-02-04 18:43:24.561986,2020-02-04 18:43:24.561986,2020-02-04 18:38:21.995088,2020-01-07 05:10:22.000000,2020-02-04 18:46:10.926498,2020-02-04 18:43:26.409924,In use,./200107~08 겨울엠티/20200107_141022.jpg
20200107_141041.jpg,1.7MB,2020-02-04 18:43:26.436908,2020-02-04 18:43:26.436908,2020-02-04 18:43:26.436908,2020-02-04 18:43:26.436908,2020-02-04 18:38:24.328488,2020-01-07 05:10:40.000000,2020-02-04 18:46:10.974468,2020-02-04 18:43:27.178482,In use,./200107~08 겨울엠티/20200107_141041.jpg
20200107_143508.jpg,3.2MB,2020-02-04 18:43:27.205466,2020-02-04 18:43:27.205466,2020-02-04 18:43:27.205466,2020-02-04 18:43:27.205466,2020-02-04 18:38:25.795154,2020-01-07 05:35:08.000000,2020-02-04 18:46:11.020444,2020-02-04 18:43:30.471578,In use,./200107~08 겨울엠티/20200107_143508.jpg
20200107_143520.jpg,1.6MB,2020-02-04 18:43:30.494548,2020-02-04 18:43:30.494548,2020-02-04 18:43:30.494548,2020-02-04 18:43:30.494548,2020-02-04 18:38:27.889950,2020-01-07 05:35:20.000000,2020-02-04 18:46:11.070414,2020-02-04 18:43:30.701430,In use,./200107~08 겨울엠티/20200107_143520.jpg
20200107_143521.jpg,1.6MB,2020-02-04 18:43:30.727414,2020-02-04 18:43:30.727414,2020-02-04 18:43:30.727414,2020-02-04 18:43:30.727414,2020-02-04 18:38:28.987460,2020-01-07 05:35:20.000000,2020-02-04 18:46:11.116388,2020-02-04 18:43:30.938296,In use,./200107~08 겨울엠티/20200107_143521.jpg
20200107_143551.jpg,2.7MB,2020-02-04 18:43:30.959284,2020-02-04 18:43:30.959284,2020-02-04 18:43:30.959284,2020-02-04 18:43:30.959284,2020-02-04 18:38:30.232744,2020-01-07 05:35:50.000000,2020-02-04 18:46:11.162362,2020-02-04 18:43:32.742400,In use,./200107~08 겨울엠티/20200107_143551.jpg
20200107_143555.jpg,2.8MB,2020-02-04 18:43:32.764388,2020-02-04 18:43:32.764388,2020-02-04 18:43:32.764388,2020-02-04 18:43:32.764388,2020-02-04 18:38:36.540838,2020-01-07 05:35:54.000000,2020-02-04 18:46:11.221328,2020-02-04 18:43:33.081054,In use,./200107~08 겨울엠티/20200107_143555.jpg
20200107_143558.jpg,2.4MB,2020-02-04 18:43:33.111038,2020-02-04 18:43:33.111038,2020-02-04 18:43:33.111038,2020-02-04 18:43:33.111038,2020-02-04 18:38:37.870858,2020-01-07 05:35:58.000000,2020-02-04 18:46:11.270300,2020-02-04 18:43:33.393860,In use,./200107~08 겨울엠티/20200107_143558.jpg
20200107_143620.jpg,1.6MB,2020-02-04 18:43:33.410850,2020-02-04 18:43:33.410850,2020-02-04 18:43:33.410850,2020-02-04 18:43:33.410850,2020-02-04 18:38:39.631336,2020-01-07 05:36:20.000000,2020-02-04 18:46:11.319270,2020-02-04 18:43:33.607736,In use,./200107~08 겨울엠티/20200107_143620.jpg
20200107_143621.jpg,1.6MB,2020-02-04 18:43:33.629724,2020-02-04 18:43:33.629724,2020-02-04 18:43:33.629724,2020-02-04 18:43:33.629724,2020-02-04 18:38:40.549664,2020-01-07 05:36:20.000000,2020-02-04 18:46:11.367244,2020-02-04 18:43:33.777652,In use,./200107~08 겨울엠티/20200107_143621.jpg
20200107_143624.jpg,1.6MB,2020-02-04 18:43:33.803622,2020-02-04 18:43:33.803622,2020-02-04 18:43:33.803622,2020-02-04 18:43:33.803622,2020-02-04 18:38:48.386628,2020-01-07 05:36:24.000000,2020-02-04 18:46:11.418216,2020-02-04 18:43:34.011520,In use,./200107~08 겨울엠티/20200107_143624.jpg
20200107_143632.jpg,1.6MB,2020-02-04 18:43:34.044484,2020-02-04 18:43:34.044484,2020-02-04 18:43:34.044484,2020-02-04 18:43:34.044484,2020-02-04 18:38:59.137344,2020-01-07 05:36:32.000000,2020-02-04 18:46:11.473184,2020-02-04 18:43:35.651056,In use,./200107~08 겨울엠티/20200107_143632.jpg
20200107_143639.jpg,2.2MB,2020-02-04 18:43:35.676042,2020-02-04 18:43:35.676042,2020-02-04 18:43:35.676042,2020-02-04 18:43:35.676042,2020-02-04 18:39:00.588510,2020-01-07 05:36:38.000000,2020-02-04 18:46:11.526152,2020-02-04 18:43:37.646796,In use,./200107~08 겨울엠티/20200107_143639.jpg
20200107_143748.jpg,2.3MB,2020-02-04 18:43:37.675778,2020-02-04 18:43:37.675778,2020-02-04 18:43:37.675778,2020-02-04 18:43:37.675778,2020-02-04 18:39:01.755838,2020-01-07 05:37:48.000000,2020-02-04 18:46:11.583120,2020-02-04 18:43:37.986600,In use,./200107~08 겨울엠티/20200107_143748.jpg
20200107_143749.jpg,2.4MB,2020-02-04 18:43:38.009586,2020-02-04 18:43:38.009586,2020-02-04 18:43:38.009586,2020-02-04 18:43:38.009586,2020-02-04 18:39:02.830230,2020-01-07 05:37:48.000000,2020-02-04 18:46:11.638088,2020-02-04 18:43:38.617854,In use,./200107~08 겨울엠티/20200107_143749.jpg
20200107_143801.jpg,2.3MB,2020-02-04 18:43:38.640840,2020-02-04 18:43:38.640840,2020-02-04 18:43:38.640840,2020-02-04 18:43:38.640840,2020-02-04 18:39:04.394322,2020-01-07 05:38:00.000000,2020-02-04 18:46:11.693056,2020-02-04 18:43:38.952662,In use,./200107~08 겨울엠티/20200107_143801.jpg
20200107_143911.jpg,2.1MB,2020-02-04 18:43:38.978644,2020-02-04 18:43:38.978644,2020-02-04 18:43:38.978644,2020-02-04 18:43:38.978644,2020-02-04 18:39:05.567650,2020-01-07 05:39:10.000000,2020-02-04 18:46:11.748026,2020-02-04 18:43:39.241496,In use,./200107~08 겨울엠티/20200107_143911.jpg
20200107_143938.jpg,2.0MB,2020-02-04 18:43:39.261484,2020-02-04 18:43:39.261484,2020-02-04 18:43:39.261484,2020-02-04 18:43:39.261484,2020-02-04 18:39:06.697998,2020-01-07 05:39:38.000000,2020-02-04 18:46:11.807990,2020-02-04 18:43:40.950740,In use,./200107~08 겨울엠티/20200107_143938.jpg
20200107_143940.jpg,2.1MB,2020-02-04 18:43:40.974724,2020-02-04 18:43:40.974724,2020-02-04 18:43:40.974724,2020-02-04 18:43:40.974724,2020-02-04 18:39:07.808358,2020-01-07 05:39:40.000000,2020-02-04 18:46:11.864956,2020-02-04 18:43:41.263560,In use,./200107~08 겨울엠티/20200107_143940.jpg
20200107_143955.jpg,1.9MB,2020-02-04 18:43:41.294540,2020-02-04 18:43:41.294540,2020-02-04 18:43:41.294540,2020-02-04 18:43:41.294540,2020-02-04 18:39:09.700272,2020-01-07 05:39:56.000000,2020-02-04 18:46:11.936916,2020-02-04 18:43:41.617392,In use,./200107~08 겨울엠티/20200107_143955.jpg
20200107_144019.jpg,2.0MB,2020-02-04 18:43:41.640932,2020-02-04 18:43:41.640932,2020-02-04 18:43:41.640932,2020-02-04 18:43:41.640932,2020-02-04 18:39:11.180934,2020-01-07 05:40:18.000000,2020-02-04 18:46:11.988886,2020-02-04 18:43:41.917776,In use,./200107~08 겨울엠티/20200107_144019.jpg
20200107_144021.jpg,2.1MB,2020-02-04 18:43:41.939760,2020-02-04 18:43:41.939760,2020-02-04 18:43:41.939760,2020-02-04 18:43:41.939760,2020-02-04 18:39:12.288490,2020-01-17 04:35:33.343012,2020-02-04 18:46:12.054848,2020-02-04 18:43:42.244586,In use,./200107~08 겨울엠티/20200107_144021.jpg
20200107_144124.jpg,2.0MB,2020-02-04 18:43:42.264574,2020-02-04 18:43:42.264574,2020-02-04 18:43:42.264574,2020-02-04 18:43:42.264574,2020-02-04 18:39:24.100084,2020-01-07 05:41:24.000000,2020-02-04 18:46:12.120810,2020-02-04 18:43:42.637522,In use,./200107~08 겨울엠티/20200107_144124.jpg
20200107_144125.jpg,2.1MB,2020-02-04 18:43:42.659506,2020-02-04 18:43:42.659506,2020-02-04 18:43:42.659506,2020-02-04 18:43:42.659506,2020-02-04 18:39:42.296856,2020-01-07 05:41:24.000000,2020-02-04 18:46:12.174780,2020-02-04 18:43:42.939694,In use,./200107~08 겨울엠티/20200107_144125.jpg
20200107_144126.jpg,2.1MB,2020-02-04 18:43:42.963628,2020-02-04 18:43:42.963628,2020-02-04 18:43:42.963628,2020-02-04 18:43:42.963628,2020-02-04 18:39:43.618740,2020-01-07 05:41:26.000000,2020-02-04 18:46:12.227748,2020-02-04 18:43:43.261458,In use,./200107~08 겨울엠티/20200107_144126.jpg
20200107_144635.jpg,2.1MB,2020-02-04 18:43:43.279446,2020-02-04 18:43:43.279446,2020-02-04 18:43:43.279446,2020-02-04 18:43:43.279446,2020-02-04 18:39:47.059700,2020-01-07 05:46:34.000000,2020-02-04 18:46:12.292712,2020-02-04 18:43:43.661036,In use,./200107~08 겨울엠티/20200107_144635.jpg
20200107_150555.jpg,4.1MB,2020-02-04 18:43:43.689020,2020-02-04 18:43:43.689020,2020-02-04 18:43:43.689020,2020-02-04 18:43:43.689020,2020-02-04 18:39:48.773244,2020-01-07 06:05:54.000000,2020-02-04 18:46:12.353676,2020-02-04 18:43:44.275682,In use,./200107~08 겨울엠티/20200107_150555.jpg
20200107_150601.jpg,3.7MB,2020-02-04 18:43:44.296670,2020-02-04 18:43:44.296670,2020-02-04 18:43:44.296670,2020-02-04 18:43:44.296670,2020-02-04 18:40:04.686094,2020-01-07 06:06:00.000000,2020-02-04 18:40:06.382120,2020-02-04 18:43:46.272586,In use,./200107~08 겨울엠티/20200107_150601.jpg
20200107_150605.jpg,3.6MB,2020-02-04 18:43:46.292576,2020-02-04 18:43:46.292576,2020-02-04 18:43:46.292576,2020-02-04 18:43:46.292576,2020-02-04 18:40:06.452078,2020-01-07 06:06:04.000000,2020-02-04 18:40:08.416948,2020-02-04 18:43:46.751176,In use,./200107~08 겨울엠티/20200107_150605.jpg
20200107_150608.jpg,4.1MB,2020-02-04 18:43:46.774164,2020-02-04 18:43:46.774164,2020-02-04 18:43:46.774164,2020-02-04 18:43:46.774164,2020-02-04 18:40:08.484908,2020-01-07 06:06:08.000000,2020-02-04 18:40:11.706588,2020-02-04 18:43:50.184688,In use,./200107~08 겨울엠티/20200107_150608.jpg
20200107_150612.jpg,2.6MB,2020-02-04 18:43:50.209674,2020-02-04 18:43:50.209674,2020-02-04 18:43:50.209674,2020-02-04 18:43:50.209674,2020-02-04 18:40:11.754562,2020-01-07 06:06:12.000000,2020-02-04 18:40:13.199730,2020-02-04 18:43:50.653420,In use,./200107~08 겨울엠티/20200107_150612.jpg
20200107_150614.jpg,2.6MB,2020-02-04 18:43:50.679402,2020-02-04 18:43:50.679402,2020-02-04 18:43:50.679402,2020-02-04 18:43:50.679402,2020-02-04 18:40:13.254700,2020-01-07 06:06:14.000000,2020-02-04 18:40:14.730850,2020-02-04 18:43:51.009032,In use,./200107~08 겨울엠티/20200107_150614.jpg
20200107_150620.jpg,2.2MB,2020-02-04 18:43:51.030018,2020-02-04 18:43:51.030018,2020-02-04 18:43:51.030018,2020-02-04 18:43:51.030018,2020-02-04 18:40:14.821798,2020-01-07 06:06:20.000000,2020-02-04 18:40:16.768206,2020-02-04 18:43:55.030580,In use,./200107~08 겨울엠티/20200107_150620.jpg
20200107_150642.jpg,2.9MB,2020-02-04 18:43:56.510420,2020-02-04 18:43:56.510420,2020-02-04 18:43:56.510420,2020-02-04 18:43:56.510420,2020-02-04 18:40:16.855156,2020-01-07 06:06:42.000000,2020-02-04 18:40:19.267280,2020-02-04 18:43:58.259412,In use,./200107~08 겨울엠티/20200107_150642.jpg
20200107_150650.jpg,2.7MB,2020-02-04 18:43:58.278402,2020-02-04 18:43:58.278402,2020-02-04 18:43:58.278402,2020-02-04 18:43:58.278402,2020-02-04 18:40:19.306258,2020-01-07 06:06:50.000000,2020-02-04 18:40:21.219158,2020-02-04 18:43:58.566772,In use,./200107~08 겨울엠티/20200107_150650.jpg
20200107_150653.jpg,2.2MB,2020-02-04 18:43:58.591756,2020-02-04 18:43:58.591756,2020-02-04 18:43:58.591756,2020-02-04 18:43:58.591756,2020-02-04 18:40:21.297114,2020-01-07 06:06:52.000000,2020-02-04 18:40:23.756724,2020-02-04 18:44:00.217822,In use,./200107~08 겨울엠티/20200107_150653.jpg
20200107_150654.jpg,2.3MB,2020-02-04 18:44:00.241810,2020-02-04 18:44:00.241810,2020-02-04 18:44:00.241810,2020-02-04 18:44:00.241810,2020-02-04 18:40:23.987590,2020-01-07 06:06:54.000000,2020-02-04 18:40:26.756702,2020-02-04 18:44:00.523652,In use,./200107~08 겨울엠티/20200107_150654.jpg
20200107_150756.jpg,3.7MB,2020-02-04 18:44:00.545632,2020-02-04 18:44:00.545632,2020-02-04 18:44:00.545632,2020-02-04 18:44:00.545632,2020-02-04 18:40:26.906616,2020-01-07 06:07:56.000000,2020-02-04 18:40:31.321078,2020-02-04 18:44:00.966404,In use,./200107~08 겨울엠티/20200107_150756.jpg
20200107_150815.jpg,4.1MB,2020-02-04 18:44:00.992376,2020-02-04 18:44:00.992376,2020-02-04 18:44:00.992376,2020-02-04 18:44:00.992376,2020-02-04 18:40:31.386040,2020-01-07 06:08:14.000000,2020-02-04 18:40:34.954988,2020-02-04 18:44:02.774350,In use,./200107~08 겨울엠티/20200107_150815.jpg
20200107_150817.jpg,2.4MB,2020-02-04 18:44:02.804334,2020-02-04 18:44:02.804334,2020-02-04 18:44:02.804334,2020-02-04 18:44:02.804334,2020-02-04 18:40:35.014954,2020-01-07 06:08:16.000000,2020-02-04 18:40:37.484098,2020-02-04 18:44:03.125148,In use,./200107~08 겨울엠티/20200107_150817.jpg
20200107_150824.jpg,2.7MB,2020-02-04 18:44:03.145140,2020-02-04 18:44:03.145140,2020-02-04 18:44:03.145140,2020-02-04 18:44:03.145140,2020-02-04 18:40:37.554096,2020-01-07 06:08:24.000000,2020-02-04 18:40:40.381350,2020-02-04 18:44:03.421994,In use,./200107~08 겨울엠티/20200107_150824.jpg
20200107_150826.jpg,3.6MB,2020-02-04 18:44:03.439968,2020-02-04 18:44:03.439968,2020-02-04 18:44:03.439968,2020-02-04 18:44:03.439968,2020-02-04 18:40:40.452308,2020-01-07 06:08:26.000000,2020-02-04 18:47:40.392848,2020-02-04 18:44:05.333882,In use,./200107~08 겨울엠티/20200107_150826.jpg
20200107_150827.jpg,3.4MB,2020-02-04 18:44:05.354876,2020-02-04 18:44:05.354876,2020-02-04 18:44:05.354876,2020-02-04 18:44:05.354876,2020-02-04 18:40:43.018858,2020-01-07 06:08:26.000000,2020-02-04 18:47:38.854604,2020-02-04 18:44:06.182394,In use,./200107~08 겨울엠티/20200107_150827.jpg
20200107_150828.jpg,2.4MB,2020-02-04 18:44:06.206378,2020-02-04 18:44:06.206378,2020-02-04 18:44:06.206378,2020-02-04 18:44:06.206378,2020-02-04 18:40:46.338230,2020-01-07 06:08:28.000000,2020-02-04 18:47:38.757658,2020-02-04 18:44:07.037918,In use,./200107~08 겨울엠티/20200107_150828.jpg
20200107_154542.jpg,2.8MB,2020-02-04 18:44:07.058890,2020-02-04 18:44:07.058890,2020-02-04 18:44:07.058890,2020-02-04 18:44:07.058890,2020-02-04 18:40:47.797392,2020-01-07 06:45:42.000000,2020-02-04 18:46:46.356816,2020-02-04 18:44:07.378718,In use,./200107~08 겨울엠티/20200107_154542.jpg
20200107_154612.jpg,2.2MB,2020-02-04 18:44:07.407688,2020-02-04 18:44:07.407688,2020-02-04 18:44:07.407688,2020-02-04 18:44:07.407688,2020-02-04 18:40:49.520400,2020-01-07 06:46:12.000000,2020-02-04 18:46:46.233886,2020-02-04 18:44:07.678532,In use,./200107~08 겨울엠티/20200107_154612.jpg
20200107_154616.jpg,2.1MB,2020-02-04 18:44:07.700518,2020-02-04 18:44:07.700518,2020-02-04 18:44:07.700518,2020-02-04 18:44:07.700518,2020-02-04 18:40:51.530204,2020-01-07 06:46:16.000000,2020-02-04 18:46:46.105962,2020-02-04 18:44:09.387602,In use,./200107~08 겨울엠티/20200107_154616.jpg
20200107_154717.jpg,2.0MB,2020-02-04 18:44:09.409570,2020-02-04 18:44:09.409570,2020-02-04 18:44:09.409570,2020-02-04 18:44:09.409570,2020-02-04 18:40:52.950388,2020-01-07 06:47:16.000000,2020-02-04 18:46:45.961046,2020-02-04 18:44:11.151534,In use,./200107~08 겨울엠티/20200107_154717.jpg
20200107_154751.jpg,1.9MB,2020-02-04 18:44:11.192510,2020-02-04 18:44:11.192510,2020-02-04 18:44:11.192510,2020-02-04 18:44:11.192510,2020-02-04 18:40:54.386772,2020-01-07 06:47:50.000000,2020-02-04 18:46:45.820126,2020-02-04 18:44:11.446364,In use,./200107~08 겨울엠티/20200107_154751.jpg
20200107_154753.jpg,1.9MB,2020-02-04 18:44:11.469368,2020-02-04 18:44:11.469368,2020-02-04 18:44:11.469368,2020-02-04 18:44:11.469368,2020-02-04 18:40:56.661068,2020-01-07 06:47:52.000000,2020-02-04 18:46:45.710188,2020-02-04 18:44:14.793210,In use,./200107~08 겨울엠티/20200107_154753.jpg
20200107_154754.jpg,1.9MB,2020-02-04 18:44:14.813204,2020-02-04 18:44:14.813204,2020-02-04 18:44:14.813204,2020-02-04 18:44:14.813204,2020-02-04 18:40:58.079254,2020-01-07 06:47:54.000000,2020-02-04 18:46:45.585260,2020-02-04 18:44:15.093036,In use,./200107~08 겨울엠티/20200107_154754.jpg
20200107_154936.jpg,1.9MB,2020-02-04 18:44:15.116028,2020-02-04 18:44:15.116028,2020-02-04 18:44:15.116028,2020-02-04 18:44:15.116028,2020-02-04 18:40:59.318540,2020-01-07 06:49:36.000000,2020-02-04 18:46:45.454354,2020-02-04 18:44:15.382876,In use,./200107~08 겨울엠티/20200107_154936.jpg
20200107_154959.jpg,1.9MB,2020-02-04 18:44:15.406860,2020-02-04 18:44:15.406860,2020-02-04 18:44:15.406860,2020-02-04 18:44:15.406860,2020-02-04 18:41:01.270928,2020-01-07 06:49:58.000000,2020-02-04 18:46:45.349396,2020-02-04 18:44:17.086622,In use,./200107~08 겨울엠티/20200107_154959.jpg
20200107_155002.jpg,1.9MB,2020-02-04 18:44:17.110608,2020-02-04 18:44:17.110608,2020-02-04 18:44:17.110608,2020-02-04 18:44:17.110608,2020-02-04 18:41:02.512220,2020-01-07 06:50:02.000000,2020-02-04 18:46:45.247454,2020-02-04 18:44:17.373472,In use,./200107~08 겨울엠티/20200107_155002.jpg
20200107_155158.jpg,2.1MB,2020-02-04 18:44:17.393446,2020-02-04 18:44:17.393446,2020-02-04 18:44:17.393446,2020-02-04 18:44:17.393446,2020-02-04 18:41:03.715522,2020-01-07 06:51:58.000000,2020-02-04 18:46:45.146512,2020-02-04 18:44:17.682132,In use,./200107~08 겨울엠티/20200107_155158.jpg
20200107_155201.jpg,2.1MB,2020-02-04 18:44:17.725108,2020-02-04 18:44:17.725108,2020-02-04 18:44:17.725108,2020-02-04 18:44:17.725108,2020-02-04 18:41:06.043188,2020-01-07 06:52:00.000000,2020-02-04 18:46:45.047568,2020-02-04 18:44:18.044848,In use,./200107~08 겨울엠티/20200107_155201.jpg
20200107_184846.jpg,3.7MB,2020-02-04 18:44:18.094820,2020-02-04 18:44:18.094820,2020-02-04 18:44:18.094820,2020-02-04 18:44:18.094820,2020-02-04 18:41:08.034040,2020-01-07 09:48:46.000000,2020-02-04 18:46:44.956624,2020-02-04 18:44:20.008754,In use,./200107~08 겨울엠티/20200107_184846.jpg
20200107_184854.jpg,3.6MB,2020-02-04 18:44:20.037732,2020-02-04 18:44:20.037732,2020-02-04 18:44:20.037732,2020-02-04 18:44:20.037732,2020-02-04 18:41:12.081710,2020-01-07 09:48:54.000000,2020-02-04 18:46:44.857678,2020-02-04 18:44:20.659374,In use,./200107~08 겨울엠티/20200107_184854.jpg
20200107_184855.jpg,3.7MB,2020-02-04 18:44:20.684362,2020-02-04 18:44:20.684362,2020-02-04 18:44:20.684362,2020-02-04 18:44:20.684362,2020-02-04 18:41:20.998206,2020-01-07 09:48:54.000000,2020-02-04 18:46:44.763732,2020-02-04 18:44:21.541408,In use,./200107~08 겨울엠티/20200107_184855.jpg
20200107_184857.jpg,3.4MB,2020-02-04 18:44:21.565398,2020-02-04 18:44:21.565398,2020-02-04 18:44:21.565398,2020-02-04 18:44:21.565398,2020-02-04 18:41:22.985306,2020-01-07 09:48:56.000000,2020-02-04 18:46:44.677782,2020-02-04 18:44:22.413506,In use,./200107~08 겨울엠티/20200107_184857.jpg
20200107_184905.jpg,3.5MB,2020-02-04 18:44:23.873694,2020-02-04 18:44:23.873694,2020-02-04 18:44:23.873694,2020-02-04 18:44:23.873694,2020-02-04 18:41:25.171132,2020-01-07 09:49:04.000000,2020-02-04 18:46:44.583836,2020-02-04 18:44:24.745822,In use,./200107~08 겨울엠티/20200107_184905.jpg
20200107_184916.jpg,3.6MB,2020-02-04 18:44:24.768812,2020-02-04 18:44:24.768812,2020-02-04 18:44:24.768812,2020-02-04 18:44:24.768812,2020-02-04 18:41:28.592024,2020-01-07 09:49:16.000000,2020-02-04 18:46:44.489890,2020-02-04 18:44:25.731268,In use,./200107~08 겨울엠티/20200107_184916.jpg
20200107_184920.jpg,3.8MB,2020-02-04 18:44:25.766240,2020-02-04 18:44:25.766240,2020-02-04 18:44:25.766240,2020-02-04 18:44:25.766240,2020-02-04 18:41:30.791540,2020-01-07 09:49:20.000000,2020-02-04 18:46:44.379952,2020-02-04 18:44:27.665636,In use,./200107~08 겨울엠티/20200107_184920.jpg
20200107_184923.jpg,3.0MB,2020-02-04 18:44:27.690620,2020-02-04 18:44:27.690620,2020-02-04 18:44:27.690620,2020-02-04 18:44:27.690620,2020-02-04 18:41:33.203684,2020-01-07 09:49:22.000000,2020-02-04 18:46:44.443916,2020-02-04 18:44:28.108382,In use,./200107~08 겨울엠티/20200107_184923.jpg
20200107_184949.jpg,3.1MB,2020-02-04 18:44:28.124372,2020-02-04 18:44:28.124372,2020-02-04 18:44:28.124372,2020-02-04 18:44:28.124372,2020-02-04 18:41:36.126002,2020-01-07 09:49:48.000000,2020-02-04 18:46:44.535862,2020-02-04 18:44:31.827292,In use,./200107~08 겨울엠티/20200107_184949.jpg
20200107_185005.jpg,3.7MB,2020-02-04 18:44:31.844284,2020-02-04 18:44:31.844284,2020-02-04 18:44:31.844284,2020-02-04 18:44:31.844284,2020-02-04 18:41:37.985932,2020-01-07 09:50:06.000000,2020-02-04 18:46:44.628810,2020-02-04 18:44:33.751286,In use,./200107~08 겨울엠티/20200107_185005.jpg
20200107_185016.jpg,3.1MB,2020-02-04 18:44:33.775272,2020-02-04 18:44:33.775272,2020-02-04 18:44:33.775272,2020-02-04 18:44:33.775272,2020-02-04 18:41:40.644404,2020-01-07 09:50:16.000000,2020-02-04 18:46:44.719758,2020-02-04 18:44:35.584616,In use,./200107~08 겨울엠티/20200107_185016.jpg
20200107_185022.jpg,3.8MB,2020-02-04 18:44:35.618596,2020-02-04 18:44:35.618596,2020-02-04 18:44:35.618596,2020-02-04 18:44:35.618596,2020-02-04 18:41:42.783172,2020-01-07 09:50:22.000000,2020-02-04 18:46:44.807708,2020-02-04 18:44:36.167284,In use,./200107~08 겨울엠티/20200107_185022.jpg
20200107_193821.jpg,4.0MB,2020-02-04 18:44:36.185272,2020-02-04 18:44:36.185272,2020-02-04 18:44:36.185272,2020-02-04 18:44:36.185272,2020-02-04 18:41:45.555582,2020-01-07 10:38:20.000000,2020-02-04 18:46:44.910650,2020-02-04 18:44:37.131276,In use,./200107~08 겨울엠티/20200107_193821.jpg
20200107_193827.jpg,4.0MB,2020-02-04 18:44:37.154258,2020-02-04 18:44:37.154258,2020-02-04 18:44:37.154258,2020-02-04 18:44:37.154258,2020-02-04 18:41:48.251028,2020-01-07 10:38:26.000000,2020-02-04 18:46:45.001612,2020-02-04 18:44:38.144336,Deleted,./200107~08 겨울엠티/20200107_193827.jpg
20200107_193831.jpg,4.1MB,2020-02-04 18:44:38.183316,2020-02-04 18:44:38.183316,2020-02-04 18:44:38.183316,2020-02-04 18:44:38.183316,2020-02-04 18:41:51.102390,2020-01-07 10:38:30.000000,2020-02-04 18:46:45.097540,2020-02-04 18:44:39.154656,In use,./200107~08 겨울엠티/20200107_193831.jpg
20200107_200034.jpg,4.8MB,2020-02-04 18:44:39.180646,2020-02-04 18:44:39.180646,2020-02-04 18:44:39.180646,2020-02-04 18:44:39.180646,2020-02-04 18:41:53.352098,2020-01-07 11:00:34.000000,2020-02-04 18:46:45.196484,2020-02-04 18:44:40.249558,In use,./200107~08 겨울엠티/20200107_200034.jpg
20200107_200042.jpg,4.0MB,2020-02-04 18:44:40.276546,2020-02-04 18:44:40.276546,2020-02-04 18:44:40.276546,2020-02-04 18:44:40.276546,2020-02-04 18:41:56.467098,2020-01-07 11:00:42.000000,2020-02-04 18:46:45.298426,2020-02-04 18:44:42.215616,In use,./200107~08 겨울엠티/20200107_200042.jpg
20200107_200057.jpg,4.0MB,2020-02-04 18:44:42.238600,2020-02-04 18:44:42.238600,2020-02-04 18:44:42.238600,2020-02-04 18:44:42.238600,2020-02-04 18:41:59.060128,2020-01-07 11:00:56.000000,2020-02-04 18:46:45.402364,2020-02-04 18:44:42.803782,In use,./200107~08 겨울엠티/20200107_200057.jpg
20200107_200101.jpg,4.0MB,2020-02-04 18:44:42.823772,2020-02-04 18:44:42.823772,2020-02-04 18:44:42.823772,2020-02-04 18:44:42.823772,2020-02-04 18:42:01.685620,2020-01-07 11:01:00.000000,2020-02-04 18:46:45.515302,2020-02-04 18:44:44.792166,In use,./200107~08 겨울엠티/20200107_200101.jpg
20200107_200225.jpg,4.3MB,2020-02-04 18:44:44.814912,2020-02-04 18:44:44.814912,2020-02-04 18:44:44.814912,2020-02-04 18:44:44.814912,2020-02-04 18:42:04.113222,2020-01-07 11:02:24.000000,2020-02-04 18:46:45.645226,2020-02-04 18:44:45.389596,In use,./200107~08 겨울엠티/20200107_200225.jpg
20200107_200648.jpg,3.6MB,2020-02-04 18:44:45.409570,2020-02-04 18:44:45.409570,2020-02-04 18:44:45.409570,2020-02-04 18:44:45.409570,2020-02-04 18:42:06.783686,2020-01-07 11:06:48.000000,2020-02-04 18:46:45.764156,2020-02-04 18:44:45.922276,In use,./200107~08 겨울엠티/20200107_200648.jpg
20200107_221259.jpg,3.2MB,2020-02-04 18:44:45.948262,2020-02-04 18:44:45.948262,2020-02-04 18:44:45.948262,2020-02-04 18:44:45.948262,2020-02-04 18:42:09.058380,2020-01-07 13:13:00.000000,2020-02-04 18:46:37.667192,2020-02-04 18:44:49.528088,In use,./200107~08 겨울엠티/20200107_221259.jpg
20200107_221318.jpg,3.2MB,2020-02-04 18:44:49.556068,2020-02-04 18:44:49.556068,2020-02-04 18:44:49.556068,2020-02-04 18:44:49.556068,2020-02-04 18:42:11.250116,2020-01-07 13:13:18.000000,2020-02-04 18:46:46.022010,2020-02-04 18:44:51.416388,In use,./200107~08 겨울엠티/20200107_221318.jpg
20200107_221322.jpg,3.5MB,2020-02-04 18:44:51.441372,2020-02-04 18:44:51.441372,2020-02-04 18:44:51.441372,2020-02-04 18:44:51.441372,2020-02-04 18:42:13.152024,2020-01-07 13:13:22.000000,2020-02-04 18:46:46.170924,2020-02-04 18:44:54.726508,In use,./200107~08 겨울엠티/20200107_221322.jpg
20200107_221334.jpg,3.4MB,2020-02-04 18:44:54.756492,2020-02-04 18:44:54.756492,2020-02-04 18:44:54.756492,2020-02-04 18:44:54.756492,2020-02-04 18:42:15.459698,2020-01-07 13:13:34.000000,2020-02-04 18:46:46.295892,2020-02-04 18:44:56.608748,In use,./200107~08 겨울엠티/20200107_221334.jpg
20200107_221442.jpg,3.3MB,2020-02-04 18:44:56.629742,2020-02-04 18:44:56.629742,2020-02-04 18:44:56.629742,2020-02-04 18:44:56.629742,2020-02-04 18:42:19.098506,2020-01-07 13:14:42.000000,2020-02-04 18:47:09.710172,2020-02-04 18:44:58.505072,In use,./200107~08 겨울엠티/20200107_221442.jpg
20200107_221447.jpg,3.4MB,2020-02-04 18:44:58.530024,2020-02-04 18:44:58.530024,2020-02-04 18:44:58.530024,2020-02-04 18:44:58.530024,2020-02-04 18:42:21.414238,2020-01-07 13:14:48.000000,2020-02-04 18:47:09.659204,2020-02-04 18:45:00.440452,In use,./200107~08 겨울엠티/20200107_221447.jpg
20200107_221450.jpg,3.3MB,2020-02-04 18:45:00.487428,2020-02-04 18:45:00.487428,2020-02-04 18:45:00.487428,2020-02-04 18:45:00.487428,2020-02-04 18:42:23.859378,2020-01-07 13:14:50.000000,2020-02-04 18:47:09.608232,2020-02-04 18:45:00.958154,In use,./200107~08 겨울엠티/20200107_221450.jpg
20200107_221453.jpg,3.3MB,2020-02-04 18:45:00.985140,2020-02-04 18:45:00.985140,2020-02-04 18:45:00.985140,2020-02-04 18:45:00.985140,2020-02-04 18:42:26.338952,2020-01-07 13:14:54.000000,2020-02-04 18:47:09.535276,2020-02-04 18:45:01.463868,In use,./200107~08 겨울엠티/20200107_221453.jpg
20200107_221457.jpg,3.1MB,2020-02-04 18:45:01.486850,2020-02-04 18:45:01.486850,2020-02-04 18:45:01.486850,2020-02-04 18:45:01.486850,2020-02-04 18:42:28.383770,2020-01-07 13:14:56.000000,2020-02-04 18:47:09.480306,2020-02-04 18:45:03.330316,In use,./200107~08 겨울엠티/20200107_221457.jpg
20200107_222025.jpg,3.4MB,2020-02-04 18:45:03.350304,2020-02-04 18:45:03.350304,2020-02-04 18:45:03.350304,2020-02-04 18:45:03.350304,2020-02-04 18:42:31.795806,2020-01-07 13:20:24.000000,2020-02-04 18:47:09.354378,2020-02-04 18:45:03.830574,In use,./200107~08 겨울엠티/20200107_222025.jpg
